C1,C7,C5_D,C6_D,T1_D,T3_D,T5_D,S1_D,S2_D,S3_D,C2,C3_D,Class_1.0,Class_2.0,Class_3.0,Y1,Y2
14.45683229480096,2.0429062766895596,1.8165068431225662,0.0,0.29120501189768,0.8409993678299864,0.0037982245142838297,0.0984195240396577,0.08452054188327332,0.11540712165748283,True,False,1.0,0.0,0.0,True,True
11.313708498984761,1.7264602911384073,1.860939254540811,0.0,0.5862299765330069,0.7840305693869813,0.001962043595638635,0.07213671779383767,0.08201671763934176,0.09255850603933456,True,False,1.0,0.0,0.0,True,True
10.0,6.53901583447411,2.194673324210234,0.0,0.2919484911550468,0.8260334720612402,0.003832239347382567,0.06257379360608294,0.09149330822862238,0.12568585888855102,True,False,0.0,0.0,1.0,True,True
10.295630140987,7.905172065803413,1.7483158129520484,0.0,0.2644897959183673,0.7877679930695397,0.002525244050230591,0.09416987757191442,0.09926376670215209,0.12686100971996409,True,True,1.0,0.0,0.0,True,False
12.236371516049514,7.939438329350218,1.9938889151317971,0.0,0.25911779648715344,0.8019922814820756,0.0012185974506932172,0.08227583150734877,0.09288463319419912,0.09910670831815946,True,True,1.0,0.0,0.0,True,True
11.224972160321824,2.9813284769412656,2.0584681035501458,0.0006664445431604468,0.4684937317372043,0.7496804523910281,0.0020416776033375396,0.060528032411490296,0.08661261219802534,0.11813862249160913,True,True,1.0,0.0,0.0,False,True
11.832159566199232,0.41983364538084084,1.9666309509659654,0.0008691873645869339,0.3083452755177515,0.8670744761699798,0.004724772643914558,0.08757283872833424,0.10569828045524132,0.11430532468968502,True,False,1.0,0.0,0.0,False,True
11.180339887498949,8.297120014977866,1.436008858147458,0.0,0.2708641395226711,0.7759601406297745,0.0027086413952267106,0.07467401273829244,0.07149492404058329,0.11338543885673143,True,True,0.0,1.0,0.0,False,True
8.774964387392123,7.136537171668972,1.519460134389843,0.0,0.39906201555458165,0.7172991829698709,0.0028365361527243134,0.07974522228289001,0.10879046270947305,0.10838376796737537,True,True,1.0,0.0,0.0,True,True
9.591663046625438,5.542589465738784,2.7631297733871123,0.0,0.3742287936179981,0.8458936537328507,0.0014972937492079143,0.06320810763868577,0.07449146922880655,0.09303981524633055,True,True,1.0,0.0,0.0,True,True
14.38749456993816,5.098064112111081,1.9517137597506453,0.0012492194004318981,0.2719459533691406,0.7604663959327919,0.0013481291140276042,0.06671229751846143,0.08170554424448546,0.08825207431180018,True,True,0.0,1.0,0.0,False,True
13.19090595827292,7.939438329350218,2.177296278408032,0.0,0.39161664334976687,0.8203494934553199,0.0030967156456178607,0.06915390195004407,0.0992691209784168,0.11483662388266741,True,False,1.0,0.0,0.0,True,False
8.246211251235321,4.012585360644949,1.7244532466842932,0.0,0.28520959391580275,0.8036826353390306,0.002198380733523251,0.06644302061603413,0.11898489819245456,0.12151677532731502,True,False,0.0,0.0,1.0,False,True
10.04987562112089,1.5713656015695994,1.7321309336850292,0.0,0.4894678251818011,0.7937792753202437,0.003024296634310346,0.08558463461740692,0.0770035263892925,0.10398411512397697,True,False,1.0,0.0,0.0,False,True
10.63014581273465,7.53914936215884,2.155400847962367,0.0,0.462654637230731,0.7964625798476241,0.002360264930931451,0.08223506245298137,0.09419415274633146,0.09977251771436131,True,True,0.0,1.0,0.0,True,True
8.660254037844387,2.651583247560567,1.4892455304616496,0.0,0.48618611037565657,0.832303701367867,0.00267700827076801,0.09226646333429889,0.09181747544678669,0.11571316401047957,True,False,1.0,0.0,0.0,True,True
6.48074069840786,6.358322936373558,1.9906848067938832,0.0,0.4276888447216868,0.8013486538744462,0.0027251688579132812,0.06912246677601432,0.07163682763382484,0.09984356312090957,True,True,1.0,0.0,0.0,True,False
9.16515138991168,3.893854005811807,2.514427028689523,0.000832986303891771,0.463784988568518,0.727296003260547,0.002272312178960614,0.06604125425327273,0.07798368184950989,0.08220201832346115,True,False,0.0,0.0,1.0,False,True
9.1104335791443,3.374726086594793,2.391223268109592,0.0,0.282933454051607,0.774518092284842,0.0028811414272013544,0.0810540016787974,0.0810540016787974,0.1146276684587669,False,True,1.0,0.0,0.0,True,True
5.385164807134504,5.698799377779707,2.0839418499413993,0.0,0.4986980550536721,0.8269209286111816,0.003084394543329199,0.06777853237101815,0.09754997036709863,0.11456663002524096,True,False,1.0,0.0,0.0,False,False
9.695359714832659,3.4212338946830227,1.907110736166099,0.000810482281296977,0.33930625000000003,0.8086685298543662,0.002891648487890051,0.06809842263422017,0.08251115545514837,0.09833342391830356,True,True,0.0,0.0,1.0,False,True
9.327379053088816,3.753850859030479,1.806454469395783,0.0002856734771605647,0.4276215848287737,0.8072361706716663,0.0022205273091028656,0.07138935727715108,0.08163685331607773,0.08986599889594647,True,False,1.0,0.0,0.0,False,True
8.831760866327848,3.1770493310583547,2.0042642141194857,0.0003124511820450803,0.42067953533059654,0.7613057608670105,0.002940844551936163,0.0675500152702023,0.07009996372327816,0.09583584498771419,True,True,0.0,0.0,1.0,False,True
10.908712114635714,3.600411475600794,1.6001175288304932,0.0,0.3577947984493206,0.7798461444187377,0.002128203591375709,0.061576852767613974,0.09270674160670657,0.10899856679422508,True,True,1.0,0.0,0.0,True,True
10.583005244258363,7.939438329350218,1.7927998733176522,0.0,0.3249224855961315,0.8138737252705391,0.003161130672255977,0.07960038143788097,0.10596577555374702,0.10671998987993925,True,True,0.0,0.0,1.0,True,True
12.489995996796797,4.118005286961122,2.1234619559977177,0.0,0.4331420512083527,0.701036054489743,0.002453846705137316,0.05679454766059962,0.09479270809618244,0.10570937288915164,True,False,0.0,0.0,1.0,True,False
14.89966442575134,7.939438329350218,1.8435753896684846,0.0,0.4041326530612244,0.7821671125213763,0.0038387404695504517,0.06678308703254825,0.09634096472971941,0.11303646333975037,True,False,1.0,0.0,0.0,True,True
6.244997998398398,7.939438329350218,2.1391969547264953,0.0,0.21749884373303305,0.8563263151402564,0.0033052877742923864,0.07556312189702703,0.1086892316858733,0.12232569438588757,True,False,1.0,0.0,0.0,True,True
9.486832980505138,4.232346612500827,2.241975201795259,0.001998002662673058,0.3847833184704374,0.7986131973520055,0.002905364950731335,0.05850054259504887,0.08010516701400018,0.10747235927536694,True,False,0.0,0.0,1.0,False,True
10.816653826391969,5.184532439247379,1.6461843261982831,0.0013324452337786948,0.4060176234384295,0.7425228143974844,0.001609473440924032,0.07892328639340315,0.07892328639340315,0.09247443035926348,True,True,1.0,0.0,0.0,False,True
9.273618495495704,2.746563199776482,1.8149022318326438,0.0,0.4828547477443068,0.814628768650056,0.002999528901694142,0.08136523987714171,0.0809532613318459,0.11242223472474451,True,False,1.0,0.0,0.0,True,False
12.206555615733702,1.2385623296301709,1.7482415060958723,0.0,0.292400548696845,0.8259265851825482,0.0031331830228234644,0.09952718411247496,0.07729710710819389,0.1063990353197863,False,False,1.0,0.0,0.0,True,False
8.18535277187245,3.206821386133712,2.3471524256265313,0.0004544421800544764,0.36616879839844396,0.8249639268665344,0.0028030452769152244,0.06888876663269856,0.07892199690662233,0.11391409039755303,True,False,0.0,0.0,1.0,False,True
7.681145747868608,7.305906272803437,1.771461204768538,0.0,0.38310592654392817,0.8335026647997105,0.0033697692018030997,0.08745389388932522,0.11301533762811551,0.12022922656994063,True,False,0.0,1.0,0.0,True,True
10.246950765959598,4.522162277633039,2.1391976830748316,0.0,0.3826123923902647,0.7946971336072078,0.002851603393799602,0.05650146541875246,0.07360321001113414,0.09278926725871692,True,False,0.0,0.0,1.0,False,True
9.1104335791443,5.610693851561639,2.3104611345369146,0.0018165309263977853,0.46535664923982933,0.8112082756072186,0.002594920766450066,0.05499353434343232,0.0977006222437019,0.1086905156924616,True,True,1.0,0.0,0.0,False,True
10.535653752852738,6.78031359223388,1.3874436925511608,0.0,0.3268803103320204,0.8002458676102617,0.002544735714459677,0.08365839769019107,0.09485970658730826,0.10616344972981431,True,True,0.0,1.0,0.0,True,True
8.774964387392123,5.9783665370710795,1.6165262686468602,0.0017631506183807813,0.3613495770736018,0.80266852029021,0.001595800067435055,0.07323121295259911,0.07543968379000536,0.101967081752842,True,True,0.0,1.0,0.0,False,True
9.797958971132712,3.3563923390720483,1.4777931181325754,0.0010708550014930276,0.4325931264357462,0.7890038474116144,0.001394218384821525,0.064411208353687,0.08147445009652611,0.1158208335999273,False,False,0.0,1.0,0.0,False,True
14.628738838327793,5.23007717532144,2.179789320434771,0.0,0.4260102549392234,0.8212508524935692,0.002780682701779735,0.06091277812774539,0.10968401166583629,0.10496982551212454,False,True,1.0,0.0,0.0,True,False
10.862780491200215,8.240313087044942,1.3973288538944315,0.0,0.3137145884707714,0.8065726886207204,0.0020193017461748682,0.07790790169025137,0.09229731626957219,0.10004790674429119,True,True,0.0,1.0,0.0,False,False
8.888194417315589,2.829367770300437,2.111781948971058,0.0,0.27920134125895435,0.8487196974393949,0.0025799234300313474,0.08020158698386183,0.10530984296539651,0.11631852342161027,True,False,1.0,0.0,0.0,True,True
10.535653752852738,2.907077441969149,2.276181451466469,0.000302984398621356,0.3425506609207444,0.8211210466654648,0.0031200077064165222,0.06250678278801715,0.0756038326563958,0.10136182905444592,True,False,0.0,0.0,1.0,False,True
14.071247279470288,2.0193946491795867,1.5574819421104054,0.0,0.3799234542211653,0.8430054469694572,0.0035117942422802834,0.06489229443263858,0.09899580011492946,0.1064492590824699,False,False,0.0,0.0,1.0,True,True
12.236371516049514,7.939438329350218,1.9938889151317971,0.0,0.3130173712358867,0.7636332872690282,0.0024562097930521365,0.08592422265552921,0.11622937660581581,0.09545104328971905,True,True,1.0,0.0,0.0,True,True
9.539392014169456,1.6530400031698862,1.8396224801749999,0.0,0.21469395027548588,0.8345045733404752,0.003865180990130107,0.07582796456999845,0.1026715493853404,0.10325326253559898,True,False,1.0,0.0,0.0,True,True
10.862780491200215,4.899541814717062,1.8246096568855488,0.0011757790890120365,0.5354996642555399,0.706122848329284,0.0016025182525724276,0.07765913565885525,0.09015908208361846,0.09112337777102353,True,True,1.0,0.0,0.0,False,True
10.0,5.836648636972726,1.755316666587542,0.0,0.4456178946122625,0.7983044992935598,0.002014723243876471,0.08344695995435311,0.09700512055043595,0.09940066943262928,True,True,0.0,1.0,0.0,True,False
14.594519519326424,5.21554764870984,1.4167350158950538,0.0,0.41462899206649706,0.7809924213988023,0.002453468776786514,0.06060690385014714,0.11165396232051056,0.10036664752738342,True,False,0.0,0.0,1.0,True,True
10.677078252031311,6.02112920911483,1.9840049843127354,0.0,0.3913259868487201,0.8314102901501367,0.002758362857108516,0.05445039397919563,0.10574357034052172,0.09696801238381186,True,True,0.0,0.0,1.0,True,True
3.7416573867739413,2.796637119162563,1.902526699717314,0.0013324452337786948,0.32046010040956535,0.78071486226469,0.0019008952881203077,0.07303390830650644,0.0944911182523068,0.09691436075713832,False,False,1.0,0.0,0.0,False,True
9.643650760992955,4.572855255968516,1.815405152208913,0.0,0.3882134540585708,0.824397079530046,0.0034937448376958814,0.056904874447888436,0.0908572489068429,0.10440450666756,True,True,0.0,0.0,1.0,True,False
9.848857801796104,2.455091452715136,1.5811796229397848,0.000555401291700105,0.24513787944699678,0.7529464460681391,0.0018650343260667873,0.08370786705565378,0.0819817462671217,0.10005003753127736,False,True,0.0,1.0,0.0,False,True
8.426149773176359,4.580557511126447,1.6033419265188986,0.0013324452337786948,0.26517367357976185,0.7197054942420008,0.0025103872866344403,0.055793869068872376,0.10683712538629259,0.08863694241136467,False,True,0.0,1.0,0.0,False,False
9.38083151964686,2.304025715858807,1.7643540838883032,0.0009086779362181122,0.2910318559556787,0.8505930329795395,0.0022124096625107843,0.05234478248631029,0.09166566338704304,0.10248532726802094,False,True,0.0,1.0,0.0,False,True
9.797958971132712,9.720645438011791,1.466341889968467,0.0,0.374544,0.8187780373724785,0.0031650273738222496,0.07809283336882243,0.10549760844690492,0.1174641861838264,True,True,1.0,0.0,0.0,True,False
11.789826122551595,7.939438329350218,1.6961440226155755,0.0,0.2532362122788761,0.8041251327131391,0.003305466667656602,0.052199575097188054,0.07382134705255622,0.13205564016009555,False,False,1.0,0.0,0.0,False,True
10.0,7.939438329350218,2.162002929384386,0.0,0.39707262150497274,0.8186499134204945,0.002942219296155601,0.07419690928300356,0.0943686410546839,0.12851281664274103,True,False,1.0,0.0,0.0,True,True
11.832159566199232,2.8226061115104124,2.1739963201440795,0.0,0.3687655894302302,0.8055538213737218,0.0034733202424547588,0.0891657447416646,0.09921448169033734,0.09793424119368432,True,True,0.0,1.0,0.0,False,False
11.135528725660043,6.152982887720149,2.3948225211625918,0.000832986303891771,0.4257502195222786,0.8426953296841778,0.002231711578864866,0.06630261688233607,0.10498999361807719,0.11106371420178501,True,False,1.0,0.0,0.0,False,True
9.899494936611665,7.939438329350218,1.7175021959530208,0.0,0.38030685266950615,0.7815944185945751,0.0009982696970607756,0.07379447560163366,0.09288020287473349,0.09573872174533082,True,True,0.0,0.0,1.0,False,False
8.48528137423857,5.438668485394639,1.8960522630975032,0.0,0.366025,0.7299349137229043,0.0037609139776058538,0.05594542388644594,0.09434312893947691,0.08678305655217694,True,False,0.0,1.0,0.0,False,False
12.236371516049514,7.939438329350218,1.9681398832400099,0.0,0.44825123172701525,0.8063873447536962,0.002167931470656388,0.07087442363653787,0.1094457019221982,0.10766597840413053,True,True,1.0,0.0,0.0,True,True
10.677078252031311,7.939438329350218,1.5340912464325427,0.0,0.6252922963989084,0.7932975653856699,0.0025884772105752123,0.07285455999300404,0.09721342431632232,0.11320937911089499,False,False,1.0,0.0,0.0,True,True
8.888194417315589,7.188387918030534,1.4402836730392834,0.0007140307336569734,0.31457466918714555,0.743020947647757,0.002023710806972028,0.08903601323251181,0.10750269315388832,0.10926514984381615,True,True,0.0,1.0,0.0,False,True
11.180339887498949,7.970227881733098,1.4822240226542456,0.0012492194004318981,0.43509781923666585,0.8214077391529563,0.002846466819819354,0.07975193506344135,0.12475657231036107,0.12683847052652178,True,True,1.0,0.0,0.0,False,True
10.344080432788601,6.911246798463492,1.51535353410791,0.0,0.4444444444444444,0.7956532205803161,0.0026935069625736406,0.09632881395026709,0.09406193608712021,0.1089440033077143,True,True,0.0,1.0,0.0,False,True
11.704699910719626,5.920259758507156,1.6079513259631546,0.000624804768842178,0.33244054865676487,0.7995650755328896,0.0038414171006944447,0.05590169943749474,0.09682458365518543,0.11448859720028405,True,True,0.0,0.0,1.0,False,True
9.899494936611665,8.036412143038111,1.5570659386645762,0.0,0.4713350591715976,0.7489589372447827,0.0015469290048000673,0.07852007945225227,0.07241640546586593,0.08626125128044623,True,True,1.0,0.0,0.0,True,False
10.0,2.857526020041442,2.2237846493459448,0.0022701485345390775,0.32952217346403345,0.8458500710385984,0.00271354816058842,0.06462298445152985,0.102714280699395,0.10377870581997535,True,False,0.0,0.0,1.0,False,True
6.082762530298219,7.95073895798474,1.4426043977043264,0.0,0.3780588020452886,0.8069466112932937,0.0026492887415102834,0.07944603293201892,0.09615230754323333,0.12220745009508627,True,True,1.0,0.0,0.0,True,True
9.695359714832659,3.9808669609561638,1.793245801423889,0.0,0.3536433345333696,0.8399956112632779,0.002474820525247056,0.06929909264093605,0.09083069685245795,0.11041112679027705,False,False,0.0,0.0,1.0,True,True
10.583005244258363,2.4297229668316644,2.033078167049495,0.0006664445431604468,0.27898458206024535,0.790496482046024,0.003515307682478254,0.09453868488922453,0.09251983266333963,0.09716525929205896,True,False,1.0,0.0,0.0,False,True
13.784048752090222,3.2355731342576775,1.818029360246138,0.0012492194004318981,0.4286432463954634,0.7817015598200361,0.0024030689680051044,0.0539081393532424,0.09499561259209138,0.10710461232381151,True,False,1.0,0.0,0.0,False,True
7.937253933193772,7.233772663800323,2.323895773537415,0.0007689350628772567,0.40771818369220963,0.788160399145882,0.002426728621535512,0.0636722657339732,0.10818276689619283,0.1136987582784215,False,True,0.0,1.0,0.0,False,False
8.0,7.939438329350218,2.243119256749404,0.0,0.5071166207529845,0.8406035615404549,0.004691811843917786,0.05886271114488549,0.1095153113108567,0.13162102345989843,True,False,1.0,0.0,0.0,True,True
11.224972160321824,6.8451152416274486,1.5064882594120677,0.0005880623515542229,0.41387777777777773,0.7991419805312109,0.0023206992868634855,0.06038910748865459,0.08710791556219771,0.09640316886085094,True,True,1.0,0.0,0.0,False,False
4.795831523312719,5.474193149241719,1.9411506104132394,0.0,0.34196190179715275,0.795464169433857,0.002922052199986782,0.05769532278586811,0.10522220706251616,0.10624878949008842,True,False,0.0,0.0,1.0,True,False
13.30413469565007,4.770727517892744,1.9661850206309515,0.0007689350628772567,0.30126067047317545,0.7989721420189371,0.002583665238453088,0.07913529125551895,0.10009910546729828,0.10908047126769323,True,True,1.0,0.0,0.0,False,False
3.3166247903554,2.5647105652208237,1.0,0.0,0.33562996146566637,0.866779728249628,0.0029284671859215227,0.06068971290344045,0.09886736383210196,0.11354005629317386,True,True,0.0,1.0,0.0,True,False
4.123105625617661,2.6363724281766405,1.8819028778229874,0.0007140307336569734,0.39431012110726643,0.8262244807249842,0.0022166384414963576,0.07771047206218692,0.08623697020532776,0.09663309844253797,True,True,1.0,0.0,0.0,False,True
5.916079783099616,6.379811054961333,2.238291189154675,0.0,0.48422096231084427,0.8234274940061922,0.0028408933988744354,0.07714757498502972,0.09075678794669592,0.11151189511744297,True,True,1.0,0.0,0.0,True,True
9.433981132056603,3.020306680549513,2.010619641623841,0.00230503367521705,0.416805035623717,0.8145024611714926,0.0024853280551519544,0.06315255475532455,0.0731617716862573,0.0938942006025985,True,False,0.0,0.0,1.0,False,True
8.888194417315589,5.396957591185283,1.765101814509411,0.0007689350628772567,0.2812637060449315,0.8174198722329088,0.0020613446252062827,0.06267305063115962,0.0789838421436827,0.11324078349345133,True,True,0.0,1.0,0.0,False,True
8.717797887081348,6.600635078159804,1.3552201775836021,0.0,0.31640625,0.7730970714546165,0.002657122889831148,0.08893982275855214,0.10041637931656706,0.11494692492352343,True,True,1.0,0.0,0.0,True,True
10.954451150103322,3.465872393640424,1.431284527967797,0.0015372793188863979,0.4333105791336142,0.7914594852737399,0.0023060621036682803,0.06762746373819123,0.07723600634470132,0.09615805243411522,True,True,1.0,0.0,0.0,False,True
11.269427669584644,3.440068053458089,1.653390738250742,0.0009995003330834232,0.4260102549392234,0.7500863051628459,0.002669566675951666,0.062477817213143334,0.08167862728229251,0.09568400797699064,True,False,0.0,0.0,1.0,False,True
10.908712114635714,1.1627441965900154,1.5160665312817665,0.0,0.28044427101399005,0.8572187069860675,0.0027481342666856147,0.0724840703557789,0.0674789971865022,0.11435241152762501,False,False,0.0,0.0,1.0,True,True
9.433981132056603,3.5942810431377796,2.6468460052243548,0.001998002662673058,0.4849528233415589,0.8019646508077546,0.0025469017758039713,0.054572033954128324,0.08511194855142384,0.10653169449391581,True,False,1.0,0.0,0.0,False,True
10.677078252031311,6.7280622952669535,1.6254376887472495,0.0,0.37845858035571217,0.7484289667417536,0.0026961444100215256,0.07389969586232199,0.09984384479065173,0.11055590210204871,True,False,1.0,0.0,0.0,False,False
10.246950765959598,4.373567422115229,1.9261980796159484,0.000832986303891771,0.3962165735232257,0.8030062206694143,0.00344186802610197,0.06621324510637268,0.10606091821794371,0.1103263637914681,True,True,0.0,0.0,1.0,False,True
11.832159566199232,3.2090563764599773,1.916711268791439,0.00230503367521705,0.3699077941687724,0.8295754787951368,0.00384817534801777,0.06317417923283332,0.08982602190539363,0.10455527892392104,True,True,0.0,0.0,1.0,False,True
9.899494936611665,4.815157524732977,1.3660461332390437,0.0,0.49263740337311845,0.7523333214276423,0.0024280748141975394,0.04608626615251342,0.09519538202536909,0.10554101540578133,True,False,1.0,0.0,0.0,False,True
8.48528137423857,0.4626065009182742,2.2461377381224588,0.0,0.5265548980933596,0.7733218637187635,0.0023574067097823417,0.06429545968428578,0.10185918628952222,0.08821264293553784,False,True,1.0,0.0,0.0,True,False
8.717797887081348,3.449786446208659,1.8468239206134405,0.0013324452337786948,0.3621270263920433,0.8188128189168081,0.0025890066059319878,0.07695560941635754,0.10715292838009731,0.09197954602319379,False,True,0.0,0.0,0.0,False,True
10.344080432788601,4.853043047250276,1.0000028266626717,0.0,0.4880840683054982,0.829016092462168,0.0025662898326676373,0.068268496682665,0.07925693408661817,0.10198966248083716,True,True,0.0,0.0,1.0,True,False
15.620499351813308,3.8382788510648265,2.2562225067577,0.0018501392881613734,0.38431622078159244,0.833488641817343,0.0029728896229282193,0.07023633626069527,0.07893882719909764,0.10869028992976432,True,False,0.0,0.0,1.0,False,True
8.48528137423857,7.939438329350218,2.3149266336428322,0.0,0.253278653509334,0.8652702155533124,0.003462203982017105,0.06354583591539519,0.09302157885811452,0.12246859936725736,True,False,1.0,0.0,0.0,True,False
9.643650760992955,5.074717885747136,2.3418114356198707,0.0,0.32653061224489793,0.8374970955033656,0.0034416939612806024,0.08465115697166088,0.07134241484117997,0.09682890647071787,True,True,1.0,0.0,0.0,True,False
13.076696830622021,2.3949546788494387,1.4887137266781683,0.0,0.3791647455652892,0.8594762377704613,0.0030194135714112697,0.07450754142884072,0.09303966560148004,0.1071406168556222,True,True,1.0,0.0,0.0,True,True
10.954451150103322,9.696239730010005,1.6798619586144572,0.0,0.5863749181153614,0.7995516470043748,0.0026012136548815763,0.07128103617771181,0.09220747369786024,0.10623449134357703,True,False,0.0,1.0,0.0,True,False
11.489125293076057,6.234485252016393,1.6847249825020898,0.0,0.3578362182737237,0.854517448089444,0.0029766520706867284,0.07984865910844872,0.0853618071934633,0.0982588190378734,True,True,0.0,0.0,1.0,True,True
8.888194417315589,3.989074351387944,1.7820271516536355,0.0003332777901203345,0.40817901234567894,0.7092277421795703,0.0023099969805158546,0.07822179093289244,0.08045714910477456,0.09876420047905383,True,True,1.0,0.0,0.0,False,False
9.055385138137417,3.577899582488883,1.9815646343230897,0.0,0.3610307797159646,0.823132718893606,0.00265618498036407,0.06376894288271577,0.08870034419786862,0.10802325696470029,True,False,0.0,0.0,1.0,True,True
13.379088160259652,7.104381346537647,2.2608836767954252,0.0,0.4168105013995693,0.8018175644023233,0.002030578333523911,0.06571660807154565,0.09077209195955269,0.11206357684431918,False,True,0.0,0.0,1.0,True,False
11.532562594670797,3.461371147341896,2.907206025550993,0.0,0.3856223835223235,0.8146999388098147,0.002976002280915243,0.057351632822481464,0.09770737355169176,0.11006324987535462,True,False,1.0,0.0,0.0,True,True
11.180339887498949,4.271270529637147,2.097451412684315,0.0,0.42057151259680425,0.8274988703155396,0.0029188251850006323,0.06752430675507098,0.09228684448782293,0.10452593470265911,True,False,0.0,0.0,1.0,True,True
14.177446878757825,4.702488496585402,2.0389117671026993,0.0014275519911853237,0.3219606110339604,0.827647834830029,0.0025874845511418476,0.06673695310333783,0.08795216702816806,0.10299090306165505,True,True,0.0,0.0,1.0,False,True
9.591663046625438,3.2839131365174343,1.8500477600012692,0.000624804768842178,0.3804176243437662,0.789877353484534,0.0027200179558128333,0.058154849084612985,0.07664187174184868,0.10714921407170327,True,True,1.0,0.0,0.0,False,True
12.236371516049514,7.939438329350218,1.0,0.0,0.2992362981274015,0.7628274509272596,0.0018095023212803248,0.0749648684499422,0.06843324911740113,0.09718163919147127,True,True,0.0,1.0,0.0,True,True
8.717797887081348,3.675020438900934,1.7190946759426513,0.0,0.4371734923198226,0.7888879928147616,0.0035067569676352174,0.0685035577920417,0.1024831366425198,0.11286022402776703,True,False,0.0,0.0,1.0,True,True
11.832159566199232,3.4599238180292833,2.4348452170044057,0.0010520779508038345,0.28329864724245574,0.8245052063495399,0.0038431961522397548,0.09653645359117509,0.0829949911593252,0.12408498159738224,True,False,1.0,0.0,0.0,False,True
8.717797887081348,4.285510995648226,1.3518567971497573,0.000624804768842178,0.405256934849612,0.7990973393479662,0.002666748133356244,0.07224946425930713,0.08795887453376623,0.1079432833647583,True,True,1.0,0.0,0.0,False,True
15.524174696260024,3.6511224420577157,1.675984057203409,0.0,0.4321164896365421,0.7115573612033619,0.0017864613356595135,0.051008901830121814,0.09588226373822402,0.09588226373822402,True,False,1.0,0.0,0.0,True,False
9.591663046625438,3.308517939533785,2.5151424986703805,0.0011757790890120365,0.6002413979021665,0.7211800230522276,0.001973011025165991,0.06461375001912345,0.08676735769736346,0.10529737312655048,True,False,1.0,0.0,0.0,False,True
11.61895003862225,3.554942530307707,2.001467918842563,0.0015372793188863979,0.426744322602428,0.8219940223234409,0.002696630679550844,0.06824682758302926,0.1017743180663267,0.10998151328208061,True,False,0.0,0.0,1.0,False,True
9.591663046625438,5.820508058606532,2.369040934891315,0.000624804768842178,0.38334003923992344,0.8178338370053856,0.0017440544955624742,0.07319923365109364,0.07789282240089582,0.10907885024909714,True,True,0.0,1.0,0.0,False,True
14.730919862656235,7.612232148599294,1.9924477703686636,0.0,0.4444444444444444,0.7809914391584586,0.002227085968538456,0.06813868106687676,0.09603207079475212,0.09469822725570431,True,True,1.0,0.0,0.0,True,True
7.874007874011811,7.939438329350218,2.1087639033329455,0.0,0.3125679974088316,0.8357323424526059,0.003033165740651058,0.07703712157713453,0.09683416029174069,0.13209114738171218,True,False,1.0,0.0,0.0,False,False
8.717797887081348,1.3724194021923335,2.215517045246499,0.0007689350628772567,0.2847433090883412,0.8131419872283177,0.003249406163077392,0.07500234385986901,0.09083234917818969,0.10782266277510028,True,False,1.0,0.0,0.0,False,True
9.695359714832659,4.297474630367073,2.0862842567588915,0.0013324452337786948,0.5504682622268471,0.7285050661433586,0.0019672824360854545,0.06710585530626834,0.08493996467091074,0.10035767913507687,True,True,0.0,1.0,0.0,False,True
11.832159566199232,3.6358304710733074,1.8626228281646287,0.0011104942840271153,0.5489950903171602,0.8011748645080261,0.0021724609935681828,0.0758907833423712,0.10537169636560365,0.10897281412909308,True,False,1.0,0.0,0.0,False,True
10.0,3.8712103081271327,1.7268414919909525,0.0,0.33389491858174203,0.831481467865481,0.00303048068521651,0.06786260840061645,0.08658553417574738,0.11570478697730455,True,True,0.0,0.0,1.0,True,False
8.831760866327848,7.349966834656833,1.3723168184054573,0.0,0.5186370641331776,0.7312981213288339,0.0017140006882021624,0.05429919841400008,0.06696289632348264,0.08294339563586048,True,True,0.0,0.0,1.0,False,True
10.0,5.960771862257973,2.269695468559604,0.002496880198587146,0.4320993691623062,0.8231916286173184,0.0024405911753626504,0.07564574501289179,0.09126387351160267,0.10962109902279958,True,True,1.0,0.0,0.0,False,False
10.63014581273465,4.521037300761293,1.6807415221500273,0.0012492194004318981,0.44178708451360754,0.7916641974363113,0.0017502467431811171,0.07911334722141278,0.09488974027168783,0.10320439655838265,False,True,1.0,0.0,0.0,False,True
6.164414002968976,7.939438329350218,1.3228756555322954,0.0,0.3643654863217805,0.8050130172518561,0.001238539089599922,0.06882952582751482,0.07488429309807895,0.09533243027130302,False,True,0.0,1.0,0.0,True,False
8.717797887081348,0.6889418774518041,2.203915116421003,0.0,0.3375056689342404,0.8013405227160859,0.0020781805860533883,0.07975578946272607,0.07722321108819077,0.09835649175279605,True,False,0.0,0.0,1.0,True,False
9.643650760992955,3.5873527399317755,1.97372761163528,0.0004544421800544764,0.4011111111111111,0.7403510642469636,0.0023318229004838944,0.06598772234985172,0.09713129731792129,0.11207457382837072,True,False,0.0,0.0,1.0,False,True
8.774964387392123,3.4754748070227732,2.7427730857655725,0.0,0.2869897959183673,0.8341073874837114,0.0032226265114658637,0.07715500299463453,0.11563928457791944,0.10631026357873108,True,False,1.0,0.0,0.0,True,False
8.366600265340756,0.999666555493786,1.5964302569224222,0.0,0.4236826446280991,0.7949395274626228,0.0027514857525589406,0.08678677036520988,0.11422084814946815,0.09908797284132058,False,False,1.0,0.0,0.0,True,False
10.198039027185569,0.8540750116473753,2.0740089199422456,0.0,0.5193829815285437,0.8332393590594882,0.002982978776907764,0.06420289356121199,0.09946269501636058,0.11809377227097684,True,False,0.0,0.0,1.0,True,False
10.677078252031311,8.378896382556212,1.8701699031549692,0.0,0.3823870943575272,0.7899491231910533,0.0021646955908848227,0.07490590070487453,0.10973311579259415,0.09917068805249842,True,True,1.0,0.0,0.0,True,False
9.643650760992955,6.866829522430731,1.605857818529814,0.0,0.40289978720343655,0.7979939744326344,0.0015130781384659578,0.07421909846037734,0.09957536963169224,0.09742446008949095,True,True,0.0,1.0,0.0,True,False
14.628738838327793,7.939438329350218,1.616365146157973,0.0,0.5323908193618171,0.7871724847390845,0.00306338685032603,0.08309936001243089,0.1031688974036504,0.10951606946199714,False,True,1.0,0.0,0.0,True,True
8.831760866327848,5.743101999057646,1.4015854376849222,0.0,0.45208361977750017,0.80667870939197,0.0017379097239002448,0.0707533870182587,0.08205036914070746,0.097880172781408,False,True,0.0,0.0,1.0,True,True
9.433981132056603,3.4057859957692638,2.100476850622258,0.0,0.26971093678459146,0.8164259256020612,0.00332712440641943,0.06017063424169063,0.12068266283874175,0.09599912229775133,True,True,0.0,0.0,1.0,True,True
14.212670403551895,4.478730906469255,2.0437679396523056,0.0,0.42179377362948967,0.8428430654507821,0.0035519882264719495,0.09888727290799686,0.08727592439440908,0.10445555240978406,True,True,0.0,0.0,1.0,True,True
9.539392014169456,2.8852200851938536,1.7674439170734668,0.0013324452337786948,0.41868512110726647,0.8351749510763468,0.003108282350229791,0.07557233349862222,0.10645046532687162,0.10814026085826378,True,False,0.0,0.0,1.0,False,True
10.44030650891055,8.435310543015436,1.8250201658377054,0.0012492194004318981,0.23125684611951805,0.8086643898390664,0.0021700551676247055,0.07384930015555075,0.10765292916875198,0.09573545836409626,True,True,0.0,0.0,1.0,False,True
9.433981132056603,1.4812480342036851,1.6504340554619477,0.0,0.2411197184003289,0.7689851793027283,0.0024336258433582942,0.05296052951822097,0.09082655880772972,0.10355821029889509,True,False,1.0,0.0,0.0,True,True
10.535653752852738,7.939438329350218,1.8130819905199616,0.0005261773338973572,0.3614589650707272,0.8015098232981318,0.002320410007575989,0.06256487286667954,0.09070915864395872,0.10384830457295749,True,True,1.0,0.0,0.0,False,False
9.643650760992955,9.65640978394531,1.854482137956578,0.0,0.3245031063587535,0.8503666187846115,0.004321386629579069,0.08006815047739688,0.08851867093041367,0.0940912305273732,True,True,0.0,1.0,0.0,True,True
13.30413469565007,3.8730333412706828,1.6015633790589923,0.0,0.3957930805458278,0.8062250753850693,0.0021260869204129257,0.08052421906425285,0.08548411527643299,0.10094245065876864,True,True,0.0,0.0,1.0,True,False
8.831760866327848,3.9508784031609396,2.4892651749283585,0.0013324452337786948,0.2877875434027778,0.8278179458724025,0.0030260806465931506,0.0767718022891156,0.0861507995939867,0.1095724062096651,True,True,1.0,0.0,0.0,False,True
9.899494936611665,3.5290105753134307,2.051055531616421,0.002350177344953673,0.2812637060449315,0.771630212663986,0.0023930166306294835,0.07296889223915205,0.08874549350732759,0.10688967259561817,True,True,1.0,0.0,0.0,False,True
10.198039027185569,7.939438329350218,1.780002359548998,0.0,0.5540731528068291,0.7879208696481573,0.0025423706432528112,0.05845728050387071,0.08267107890802226,0.11358642525632469,False,False,1.0,0.0,0.0,True,True
10.723805294763608,9.497739074148345,1.7456564484944375,0.001469507979359978,0.47097270280661285,0.7239346070836631,0.002593042972105308,0.06628634816402783,0.10253744208925793,0.09540235046324246,True,True,0.0,0.0,1.0,False,True
12.36931687685298,4.795684779167684,1.8047692373264788,0.0,0.5180331859304637,0.7643837602721552,0.0027924281675752185,0.055644359707537686,0.07038516624700797,0.09029715510721358,True,False,0.0,0.0,1.0,False,True
11.832159566199232,5.616976544386813,1.6649897916876195,0.0,0.3319591245997982,0.8275055930783374,0.0026921508906665183,0.07539823886132407,0.08116192837518127,0.12602225921527685,True,True,0.0,0.0,1.0,True,True
6.082762530298219,1.2175656915224289,1.7738930632932752,0.0007140307336569734,0.46814404432132967,0.8719434448190662,0.0037703908895044625,0.08933654414106336,0.08812102431690699,0.12229236010575573,True,True,1.0,0.0,0.0,False,True
11.789826122551595,4.022642421678879,1.6143109985377662,0.0,0.5261886225133561,0.7182173743792611,0.0010188200230994398,0.0769745182031001,0.08522321832632246,0.10885840759995884,False,True,0.0,1.0,0.0,False,False
11.489125293076057,2.940648352235441,1.9575344684237417,0.000832986303891771,0.4086498884815907,0.8156302463908677,0.0021010002557690665,0.06327086661370808,0.09384586105156267,0.1082098308565132,True,False,1.0,0.0,0.0,False,True
10.583005244258363,2.0633082231885167,1.4576114958133641,0.0,0.48758917954815695,0.7872771707584858,0.003114546302027977,0.058726624531871,0.081142492515022,0.10094396912936357,False,True,0.0,0.0,1.0,True,False
10.908712114635714,4.393447547247206,2.6384306257066275,0.0,0.39472602176475424,0.8413382028321532,0.0030927217825905875,0.07953949089757174,0.08978432207126096,0.1138384103607802,True,True,0.0,0.0,1.0,True,False
12.449899597988733,5.144276797964897,2.073308049149153,0.0018732443816804189,0.3689004972057856,0.7773576641386875,0.0022474254866735027,0.06162629223986388,0.08525375796862977,0.09261635610702755,True,False,0.0,1.0,0.0,False,True
9.899494936611665,4.251925309913363,2.038679769611137,0.0005880623515542229,0.34154157530780904,0.714537625523335,0.001825578135565922,0.06302450340985674,0.06129747604081894,0.09382433535312243,True,True,1.0,0.0,0.0,False,True
11.0,7.939438329350218,1.8383355515248025,0.0,0.36,0.8280854848533984,0.0032973790642001977,0.08866485255379773,0.08866485255379773,0.1271953172920595,True,True,1.0,0.0,0.0,True,False
12.12435565298214,5.7489172504427515,1.6877277054348274,0.0,0.4554405924333363,0.8002284392697414,0.002881853363694882,0.059609149836765664,0.10735015821076693,0.09750562335577508,True,False,0.0,0.0,1.0,False,True
11.135528725660043,4.5849698471894085,2.1827675348307505,0.0013783599701213596,0.325452657726717,0.822025827164502,0.0021902528131604233,0.07683417702919446,0.09612620041680021,0.10174722742582845,True,True,1.0,0.0,0.0,False,True
12.165525060596439,3.889738529399454,1.8805838032846265,0.0009086779362181122,0.39998482095046156,0.8696871295519668,0.0030902929069054003,0.08259170277964609,0.10772280447103533,0.12076282552270147,True,True,1.0,0.0,0.0,False,True
10.295630140987,8.119700054440083,1.5267951046627264,0.0,0.2840538582296824,0.7950947225519988,0.0023876377863382195,0.09591953227751102,0.11829676248412747,0.10216460399254307,True,True,0.0,1.0,0.0,True,True
12.529964086141668,4.874376865345098,1.7141049559463972,0.0006664445431604468,0.25552469508513465,0.7716238715564254,0.003232402667604272,0.06319724436282505,0.09448556827619252,0.0913246166074428,True,False,0.0,0.0,1.0,False,True
10.246950765959598,2.762554171320212,2.6915967480089242,0.001303497903444197,0.39374375009920476,0.7378925690689159,0.002002838744093888,0.05618332187193684,0.07491109582924912,0.09838767544837453,True,False,1.0,0.0,0.0,False,True
10.908712114635714,5.019245824597943,1.6301595750109865,0.0014988761237359487,0.4222368830828238,0.7895282028162649,0.0033727549353507837,0.04850177584167031,0.08088679997414043,0.09431382014239609,True,True,0.0,1.0,0.0,False,False
12.449899597988733,3.23063035044614,1.9981733992157271,0.0,0.3839628447614032,0.8119475048071302,0.003256811658170822,0.0671223248091523,0.09005404864865109,0.11276195417769225,True,False,1.0,0.0,0.0,True,True
14.933184523068078,5.901244590449839,1.2708179797226749,0.0,0.3956383177017744,0.7886283029791326,0.002114463234858195,0.06729090728657698,0.09679056170270726,0.10893418314431459,True,True,0.0,1.0,0.0,False,True
11.532562594670797,4.749721128595526,2.127405918967028,0.0,0.3909777884218519,0.765548861969567,0.0022573247885997417,0.07804610095321421,0.10175966581017656,0.10470983226611887,True,True,0.0,0.0,1.0,True,True
10.295630140987,3.39228353843485,1.6167678379279573,0.0,0.33173420539795667,0.8508616191146328,0.0030864197530864196,0.06731603264350161,0.08620658403748521,0.11264126731536152,False,False,0.0,0.0,1.0,True,True
8.602325267042627,7.939438329350218,1.9782096451084248,0.0,0.33612923738436623,0.8520270331653104,0.003787421994477726,0.07308477348386673,0.08346869328641136,0.11471674628405257,True,False,1.0,0.0,0.0,True,False
9.16515138991168,1.245691835499871,2.1357694632146047,0.0,0.30151865433673475,0.8393015620277313,0.0037223470132258956,0.060663258977198466,0.08114997605181024,0.12291255282544808,False,False,0.0,0.0,1.0,True,True
8.54400374531753,3.5908460851374904,1.8272664283021236,0.0,0.39664405933278635,0.7978538946130057,0.00323358506094528,0.06724095455833193,0.09230925291687621,0.10874308571375307,False,False,0.0,0.0,1.0,True,True
8.602325267042627,2.925965785250272,1.4555452586573872,0.00047607713348609505,0.2353949767874398,0.828223036921307,0.0029508344639279506,0.08221933662065693,0.08993264285612,0.11575544910745483,False,True,0.0,1.0,0.0,False,True
9.16515138991168,4.387429686943899,2.137564112098941,0.0007689350628772567,0.23445983379501387,0.7995086568547793,0.0026337434129781383,0.07111948918488915,0.07931983248415608,0.11910928578008805,True,True,1.0,0.0,0.0,False,False
13.96424004376894,4.972920269073078,1.8592040187492425,0.0007689350628772567,0.3243573696145125,0.7752033136611807,0.0024988118341488226,0.05558415558604999,0.08944980451364393,0.0987122985248556,False,True,0.0,0.0,1.0,False,True
9.695359714832659,3.8934582420153583,1.703272251766101,0.00047607713348609505,0.3510391259313709,0.7560603387939654,0.002091696374078797,0.05454846005304949,0.07570111641044645,0.11876968300850015,False,True,0.0,1.0,0.0,False,True
4.47213595499958,2.7037442337124444,2.0230811014037826,0.0,0.4306640625,0.7871179307492369,0.004014069655576234,0.07869893382373995,0.09344437355633006,0.11576863079316185,False,True,0.0,0.0,1.0,True,True
9.273618495495704,6.3929202310448705,2.4855072419930706,0.0,0.3384629661979212,0.7870056337119823,0.003189646480778534,0.06928908755086392,0.08091222225039432,0.0984339667495721,True,True,0.0,0.0,1.0,False,True
8.831760866327848,4.007133105473639,2.228138053958955,0.0015372793188863979,0.44655331192021747,0.7286780377849593,0.001975445609308773,0.06503575283746871,0.10027005554139709,0.10696192897685933,True,False,0.0,0.0,1.0,False,True
13.30413469565007,3.132131977451402,1.6663549769154558,0.0,0.3069160000000001,0.8252670919049448,0.002341582834735014,0.07286264006194955,0.11463796268741422,0.11387624021406555,True,False,1.0,0.0,0.0,True,False
6.0,5.788453047570933,2.344642395288339,0.0,0.5421542409620543,0.7008407190619271,0.0016910090805429775,0.067662866917511,0.09373001952477919,0.09504099255602412,True,False,0.0,0.0,1.0,True,False
12.806248474865697,5.26620240170401,2.3807454154809022,0.0,0.5353955978584176,0.8593943795630538,0.002729232295384811,0.0672877756656214,0.10961602353878856,0.10474173723675341,True,True,1.0,0.0,0.0,True,False
10.04987562112089,4.471673922267071,1.8855046416909327,0.0,0.2971764081790123,0.7867804801553078,0.0031754736917218892,0.05845884189529511,0.062078213942243846,0.1140848022620744,True,True,0.0,0.0,1.0,False,True
10.14889156509222,6.357382861067146,1.831518164768995,0.00027773920467390965,0.36,0.7883854787425961,0.002037872269844924,0.054484622241551664,0.06787052398049116,0.09049403197398823,True,True,0.0,0.0,1.0,False,True
9.486832980505138,4.381759889930986,1.9260608322870618,0.0012492194004318981,0.43874649765821283,0.7287005432423991,0.0016559560198281496,0.0682772163622012,0.08591361320596301,0.08951218581138058,True,True,0.0,1.0,0.0,False,False
10.583005244258363,2.543453668793006,1.6677038106330513,0.0,0.5431735076546118,0.8450887802677005,0.002549924137215376,0.08096519055327085,0.0736794355542936,0.10018931174048794,False,False,0.0,0.0,1.0,True,False
12.165525060596439,0.9169622554545802,1.9014073219385605,0.0,0.4455906578807524,0.7990712412248072,0.0028718034005792495,0.06860874809393953,0.09514321507618893,0.0974927840600813,True,False,1.0,0.0,0.0,True,False
10.44030650891055,7.939438329350218,1.9632834232479017,0.0,0.34060967512725837,0.8106224954482937,0.003297238490140628,0.0753685273656287,0.08463014998795902,0.11332553641720812,True,False,1.0,0.0,0.0,True,True
9.219544457292887,5.065797019100886,1.981473693996466,0.0,0.3155092802172929,0.8031621832402754,0.0025052900708188,0.06898222786863387,0.10785177624759042,0.10537209360490232,False,False,1.0,0.0,0.0,True,False
10.535653752852738,5.244332508357048,1.795183091171223,0.0006664445431604468,0.2775490779298037,0.7886941577421827,0.003220599983596516,0.06622486811764498,0.09779605662912016,0.10633811134011066,True,True,0.0,0.0,1.0,False,True
12.409673645990857,4.022271597172191,1.89217293078619,0.0,0.4998580064099963,0.8159231978262028,0.002109066516300519,0.09145352348946141,0.08454112577007725,0.11568057370976317,True,True,0.0,0.0,1.0,True,False
12.24744871391589,5.197434632045416,1.8836681539713185,0.0016652793190612488,0.39320763759544275,0.8086652221185239,0.0037324093933427506,0.06837776672725623,0.100494382939701,0.1059303807142076,True,True,0.0,0.0,1.0,False,False
8.774964387392123,2.358427565008928,1.9414648249882527,0.0,0.4026479338842975,0.7194649085622729,0.002407972246150928,0.06968707027335994,0.07736702792895435,0.09768915057199086,True,True,1.0,0.0,0.0,True,True
10.198039027185569,2.884979810368859,2.0524672582416135,0.0,0.40613616776788275,0.8265448228917872,0.0028405455654662314,0.07405861644244552,0.1225693692089191,0.10642863230210839,False,False,1.0,0.0,0.0,True,True
8.426149773176359,5.058186896948064,2.044058042733818,0.0,0.26317142553750367,0.833466076246181,0.002167398154645421,0.07577022732342174,0.0979966340864602,0.09746258850791868,False,True,1.0,0.0,0.0,True,True
10.488088481701515,6.531156142054522,1.3642254619787417,0.0,0.34550927460272446,0.7822891581860206,0.0018671734700366766,0.08262388684072644,0.09288248914191145,0.0979918394569162,True,False,0.0,0.0,1.0,False,False
13.564659966250536,8.636374686462819,1.961710215525466,0.00029407440294265306,0.2935826415453723,0.7728666773553209,0.0019592001779742078,0.0714650424911616,0.06904179032812396,0.11071316776170972,True,True,0.0,0.0,1.0,False,False
14.106735979665885,4.609950106351404,2.2430090503606976,0.0,0.4658136204395225,0.7921692622144166,0.0036845372375054882,0.05509101065739236,0.10211765549699198,0.1133157840994362,True,True,0.0,0.0,1.0,True,True
6.082762530298219,3.905230763412599,2.0301501422308648,0.0016652793190612488,0.3860665183477949,0.8430667418049143,0.0034161231347886326,0.07159480058386264,0.08518230155028571,0.11334823859527231,True,False,0.0,0.0,1.0,False,True
8.306623862918075,6.699457890347616,1.3041645675407447,0.0013324452337786948,0.41129844320569675,0.7898559260248829,0.0019806633342598894,0.06168848803661466,0.09901475429766743,0.10095007911166895,False,True,0.0,1.0,0.0,False,True
13.19090595827292,4.295253460873686,2.025830519762336,0.0,0.4962371807349282,0.8154756778219552,0.0027407448725139515,0.07455039246225535,0.1001190240453034,0.12078544062810422,True,False,1.0,0.0,0.0,True,False
15.066519173319364,6.770045578305891,2.746503352749941,0.000555401291700105,0.506004888936125,0.70774786966324,0.0025755686396116916,0.07854840805167355,0.09525393621210787,0.10748651579012009,True,False,1.0,0.0,0.0,False,True
11.74734012447073,3.7168937726677584,2.1723764501207175,0.0016652793190612488,0.4495529593353092,0.8883256353269895,0.003995325640128628,0.0782316857094458,0.09449585833198333,0.11681193686589308,True,True,1.0,0.0,0.0,False,True
12.236371516049514,7.939438329350218,1.9938889151317971,0.0,0.43833531510107016,0.7127002424341945,0.0020631840026676326,0.07295837210092307,0.08968572734882364,0.1282260542329425,True,True,1.0,0.0,0.0,True,True
12.236371516049514,1.1530479950193424,2.0561022348122675,0.0,0.3849195471615361,0.8561684390084092,0.002875087386349098,0.08561572996940807,0.0940012156144893,0.11512750672842073,True,True,1.0,0.0,0.0,True,True
9.16515138991168,5.55323513465507,1.5219396158109417,0.0,0.47486234385272846,0.818378159152221,0.002695219456241237,0.06995130695214467,0.06463056119412344,0.13063872210448269,False,True,0.0,0.0,1.0,True,True
10.488088481701515,8.655486734735893,1.7683916107267894,0.0,0.37593904843092335,0.8010870859054393,0.0020166296971216536,0.0776150525706333,0.07400304898842877,0.10808837134699283,True,False,1.0,0.0,0.0,True,True
9.16515138991168,7.939438329350218,1.7669110051159904,0.0,0.33729289940828405,0.8514150506574076,0.0034573017065488176,0.07937174561845008,0.08854288906025112,0.11653209174056686,True,False,1.0,0.0,0.0,True,False
6.082762530298219,6.419471946682089,1.747118885779811,0.0007140307336569734,0.4930648869778136,0.7691604044884541,0.0021325401705184033,0.06852892584684467,0.046394302117351335,0.09331432291334933,False,True,0.0,1.0,0.0,False,True
11.269427669584644,4.001291249790309,2.1752420409021007,0.00230503367521705,0.371954528701073,0.840074512283547,0.0030454901344077676,0.05628468293003885,0.08535994801328381,0.1076789387442044,True,False,0.0,0.0,1.0,False,True
12.041594578792296,6.089114331097529,1.6302743790731582,0.0,0.3490500726648171,0.7896353998973811,0.0029955734698227324,0.08556859387493665,0.11074440677390525,0.10348140884688298,True,True,0.0,0.0,1.0,True,True
8.06225774829855,7.939438329350218,1.8454348317699705,0.0015372793188863979,0.40024989587671805,0.8467200799523,0.003284096289594192,0.06354442605714629,0.09969669798321315,0.10864195787838035,True,False,1.0,0.0,0.0,False,True
10.583005244258363,6.191342408137692,1.9722532436639209,0.0027235604670405207,0.36884953811573146,0.7955294727701682,0.002254789655672587,0.06735538327419503,0.09990417830716673,0.09682946429554214,True,False,1.0,0.0,0.0,False,True
10.0,1.2352943399581655,1.916033829650102,0.0,0.4353278775640344,0.7764738218791206,0.001973546939818134,0.0681081157619958,0.09444896294427423,0.08656390440044316,True,False,1.0,0.0,0.0,True,True
10.908712114635714,3.7762834984767135,2.4862081570134067,0.001998002662673058,0.4033670951324353,0.8088498737296478,0.002291893847006331,0.07618958325045427,0.08846902025570258,0.10054638106679949,True,False,1.0,0.0,0.0,False,True
11.0,3.216580606871246,1.8171142831214075,0.0,0.43878536416431346,0.7261046283617865,0.0023560733813083423,0.06970984253241651,0.101346612667995,0.09370253229800693,True,False,1.0,0.0,0.0,False,True
11.789826122551595,2.202201652707667,2.792848008753788,0.0,0.49253338655828127,0.7890368058678064,0.002261456249790243,0.0644457532634646,0.08215253836464798,0.0972041942698819,False,False,0.0,0.0,1.0,True,False
9.591663046625438,4.019508863045044,2.0185672257469687,0.0,0.30769157718049095,0.819903134176082,0.0024507401235173026,0.07596391052254312,0.10911225883020803,0.10714611114365187,True,True,1.0,0.0,0.0,True,False
9.643650760992955,3.01836878122362,2.040774968664422,0.0,0.3697128860382313,0.8234039976615608,0.0032982289754081608,0.07058095500700001,0.0872553580541871,0.09597599724996257,True,False,1.0,0.0,0.0,True,True
9.219544457292887,4.226831249859132,2.473672461027216,0.0,0.578608971047371,0.7236667337623549,0.002787624088119294,0.056224118189938846,0.07149579833420835,0.0860141825621184,True,True,0.0,0.0,1.0,True,True
9.591663046625438,0.9771484510176279,1.7626140895191518,0.0,0.3709084741930013,0.8326626168835078,0.0037018547208189758,0.08918648047942583,0.09073766599457106,0.11694310908271313,True,False,1.0,0.0,0.0,True,True
10.535653752852738,5.33318445764985,1.9150341437103462,0.0007140307336569734,0.5059279007446904,0.7484971560403071,0.001936704192046556,0.07508254534918232,0.09909574797525764,0.1000090921489482,True,False,1.0,0.0,0.0,False,True
10.63014581273465,4.924739522585741,2.2135942175565964,0.0,0.4757044666698896,0.8091347520069697,0.0027456179933124836,0.06486285894860616,0.07995463690373736,0.09466134012800041,True,True,0.0,1.0,0.0,True,True
13.228756555322953,2.3768019565760596,1.983162375321289,0.0,0.5113018846109377,0.8046839251780514,0.003555590247683852,0.06551597810817601,0.09603508639567897,0.1047037584337946,True,True,0.0,1.0,0.0,True,False
9.16515138991168,1.5834225865352989,2.784623082983712,0.0,0.3868233194527067,0.8184197678871871,0.0028685318290308567,0.08590224344951419,0.07153900396505605,0.11389952432941096,False,False,1.0,0.0,0.0,True,False
9.695359714832659,5.930844879415907,2.8287971530905733,0.0016652793190612488,0.5040135939666487,0.8133997864008544,0.0025843595593221754,0.05906594657546614,0.07915538476755861,0.0900931048023647,True,True,1.0,0.0,0.0,False,False
10.392304845413264,7.3066930546462645,2.0553193261553138,0.0,0.5625,0.7530862066860441,0.002425461028909192,0.08818249900292068,0.09114744049367005,0.09917913790570976,True,True,1.0,0.0,0.0,True,True
9.695359714832659,2.441970101073319,1.6947406881290128,0.0,0.5325054784514244,0.7663066158131229,0.002328957862619651,0.06855818025918094,0.09807682312559891,0.08064613094812562,False,False,1.0,0.0,0.0,True,True
10.0,7.091963398908107,1.5355747868228125,0.0,0.30792876474322556,0.8071253620297223,0.002844444444444445,0.061177529032149805,0.09469351402519892,0.10410670788993527,True,True,1.0,0.0,0.0,True,True
6.164414002968976,5.462265113209759,2.239766505687591,0.0,0.5449123966942149,0.8293162398726546,0.001536830773071792,0.0765364936100249,0.11529431508984125,0.10719313582357681,True,True,0.0,0.0,1.0,True,True
10.344080432788601,6.930003074792475,1.6688143964994837,0.0,0.4264889629321115,0.7886208927927237,0.001780431797451799,0.07526940171432615,0.09009831711993145,0.08675131486504087,True,True,1.0,0.0,0.0,True,True
12.041594578792296,2.7115644802039065,2.777447317232138,0.0,0.2677042005587825,0.7774603265766494,0.002386922981741302,0.06148605607062945,0.10830213507680561,0.10740334663211482,True,False,1.0,0.0,0.0,True,False
9.797958971132712,5.586425454871711,1.4579524340663519,0.0,0.42533081285444235,0.8238337521636547,0.0023366236878284686,0.07159249986883452,0.09494095949605635,0.13093459088737713,True,True,1.0,0.0,0.0,True,True
11.575836902790225,6.93413041460701,1.4209740062495095,0.000624804768842178,0.1935244708872884,0.7751167051907102,0.0017584471249409192,0.07062065812274455,0.09301289959513222,0.08852768000589682,False,True,1.0,0.0,0.0,False,True
12.84523257866513,1.9900337527839058,2.0720399008342842,0.0,0.34055325056777597,0.8239144347299188,0.0033327461215298653,0.08009018617338354,0.10935776857710038,0.09891782353111633,True,False,1.0,0.0,0.0,True,True
9.486832980505138,1.541507491073347,1.8245524980613241,0.0,0.3254357911805774,0.8291266512533303,0.0025914048848717014,0.07743660413601165,0.09584371049281677,0.10228319761034202,True,False,1.0,0.0,0.0,False,True
10.295630140987,7.827978635130699,1.6392463308890868,0.0,0.4151991196545888,0.8130496534791072,0.0032645820944117105,0.08510992140323848,0.11598527208009188,0.11405740476202375,True,False,1.0,0.0,0.0,True,False
12.529964086141668,6.619083123444254,1.9082746133615047,0.0011757790890120365,0.38410305138226536,0.7814761914223602,0.0027648130288183965,0.08162051311304958,0.09876708434391371,0.12531188784891806,True,True,0.0,0.0,1.0,False,True
14.628738838327793,4.625114679406255,2.3221736008658223,0.0014275519911853237,0.37948322700772263,0.8220128270931886,0.0024494583428001284,0.07638339542248683,0.08857930418254502,0.1240596862560449,True,True,1.0,0.0,0.0,False,True
15.427248620541512,3.6083397188818376,1.5109157922646324,0.0,0.4645498614958449,0.702620760613422,0.001906631912437379,0.06951102352028424,0.08565717154995511,0.0964658228335109,False,False,0.0,1.0,0.0,False,True
13.30413469565007,6.1115074368002436,2.1866778963126285,0.0,0.34224185899725107,0.8217746346313202,0.0036695032952272564,0.07508456564387259,0.09195943669299805,0.11069485523316161,True,True,0.0,0.0,1.0,False,False
9.9498743710662,7.939438329350218,1.7272210918119313,0.0,0.3237770283673874,0.8432947882066841,0.003697291031315208,0.0635476688714195,0.09961272650093828,0.12387721191634882,True,True,0.0,1.0,0.0,True,True
9.273618495495704,4.126087867346482,1.619051463635806,0.0,0.41914801230587295,0.7822699532399258,0.0021733514013247044,0.06350759568249528,0.09862639042014686,0.11107156275210385,False,False,0.0,1.0,0.0,False,False
8.426149773176359,7.939438329350218,2.1487519633498886,0.0,0.1564046091480737,0.8428486123714314,0.0026378948208602678,0.07209152103030887,0.08385397331869805,0.1119571040708954,False,False,1.0,0.0,0.0,False,True
10.295630140987,5.398799458764087,2.587014171091564,0.0011104942840271153,0.5302675592164543,0.8366589877652376,0.003076333420767472,0.09228925814072682,0.07960450070891276,0.1113606718588267,True,True,0.0,0.0,1.0,False,True
10.583005244258363,4.239758500544351,1.9917643637057203,0.0,0.5152841543141621,0.8430841139741558,0.002917246069114726,0.07394981017589271,0.09241193397224151,0.11318104218788094,True,True,0.0,0.0,1.0,False,True
4.0,6.883183863042368,1.9843134336906076,0.0,0.5452081253462336,0.7795056173220327,0.0025309717730354632,0.0831371739975582,0.08515699492068511,0.10237671892732339,True,True,1.0,0.0,0.0,False,False
11.224972160321824,9.43164976662993,1.790093226622569,0.0,0.2922223212083002,0.8107115426505429,0.0025310722401544997,0.06286610356258479,0.0858499856636757,0.10231250534644842,True,False,1.0,0.0,0.0,False,True
8.48528137423857,2.7480206141936203,1.6945759386761923,0.0007689350628772567,0.3697564333308885,0.8119993821460754,0.0018344699164185697,0.07002048068300182,0.12051385509224734,0.11339516914237953,True,False,1.0,0.0,0.0,False,True
8.06225774829855,1.6931675012063447,1.952640839990806,0.0,0.4466311296778127,0.7816759823976356,0.0030964162477674765,0.06902516360773912,0.09386043178273179,0.09989206688705923,True,False,1.0,0.0,0.0,True,True
9.433981132056603,3.548230288991652,1.7910280450996108,0.0,0.36,0.7975978779892609,0.002474308387616651,0.06998739133853163,0.10066915714056586,0.11587890204517096,False,True,1.0,0.0,0.0,True,False
9.899494936611665,3.410664324207026,1.952196178666478,0.0014275519911853237,0.3348894578671068,0.8590949344520342,0.0031952632862061706,0.08086553909098021,0.09348764430568866,0.1194702424581033,True,False,0.0,0.0,0.0,False,True
12.206555615733702,5.8782595462784775,2.5520948021076664,0.0,0.4522759139564311,0.8721461420081407,0.0039184062352540135,0.07167680981013008,0.0948195067640395,0.10367413810288949,True,True,0.0,0.0,1.0,True,True
8.660254037844387,4.325608855444597,1.7055561556278351,0.0,0.4174031056684762,0.7950384194629556,0.002177128324928849,0.06541979423751906,0.11559052341042692,0.10165642737946977,True,False,0.0,1.0,0.0,True,True
9.327379053088816,3.2982237150058014,2.1263983261068096,0.0,0.4227012623527494,0.8025038125697873,0.0018138426567911323,0.06780635036208103,0.07699749762199026,0.08799714013941745,True,False,0.0,0.0,1.0,True,False
9.539392014169456,5.721851080685712,1.2904951342973492,0.0,0.3781801108210347,0.8094615512600982,0.0027787723148458236,0.08730503078320852,0.08095455589202603,0.11228817261183603,True,True,1.0,0.0,0.0,True,True
13.74772708486752,2.2039186358238445,1.8519132191948335,0.0,0.3440020199469764,0.8044988736194294,0.002382015716791221,0.07596153943696504,0.10516398935851437,0.10439915019437611,False,False,1.0,0.0,0.0,False,False
10.246950765959598,5.203621737273077,2.250662124797945,0.0,0.42701695912165477,0.828247940677734,0.003016437542111581,0.06967330142916177,0.07915505474290603,0.10835496886386556,True,True,0.0,0.0,1.0,True,True
4.69041575982343,3.151850764233093,2.094623443108821,0.00041657988521629787,0.42503626243885984,0.8103625783302858,0.0022497969167860825,0.05764774791680204,0.0802814786278549,0.10428869991764973,True,True,0.0,1.0,0.0,False,False
14.317821063276353,5.938066612593396,1.802865763167075,0.0012492194004318981,0.3543915171008162,0.818578043287366,0.002520233380534824,0.06826296394121151,0.0867056093357084,0.09970444051403547,True,True,0.0,0.0,1.0,False,True
12.409673645990857,2.841433185247892,2.7128419558228467,0.002577321014300541,0.37265079750170677,0.8199660705384112,0.0025881603190334207,0.05912579949221301,0.0767317697529545,0.09734280135254478,True,False,1.0,0.0,0.0,False,False
15.84297951775486,9.210137690727702,2.1457272390999247,0.0,0.42901352897335,0.8054785627675867,0.0022077064068085927,0.08114919726295172,0.11001143315480696,0.09274846694447594,True,True,0.0,1.0,0.0,True,False
5.0,3.2726543427444508,1.7063943793208467,0.0,0.32131316308730595,0.8276938861477547,0.0023792831240873604,0.0618523833170386,0.09045874348039006,0.09391700498694218,True,False,1.0,0.0,0.0,True,True
9.273618495495704,4.047211411686299,2.2731108266401527,0.0009995003330834232,0.4317536612107447,0.8451629775715748,0.0030391989850657706,0.05468880812724656,0.08763132920674052,0.105999788000636,True,True,0.0,0.0,1.0,False,True
9.591663046625438,4.3778153307914005,2.0176432137350333,0.0007140307336569734,0.39223748538633224,0.7888667840291136,0.00239680854779393,0.07535938244226596,0.0815976761312752,0.10748907800213173,True,True,0.0,0.0,1.0,False,True
11.090536506409418,3.1935416618526866,2.1471322124452676,0.0011104942840271153,0.4764911734334279,0.7442201380125778,0.002706963958267255,0.057295288440004824,0.09954993175776744,0.10704511166152651,True,False,0.0,0.0,1.0,False,True
8.831760866327848,3.1385745487407197,1.8322064567073222,0.002496880198587146,0.27952464836940155,0.8036809561358413,0.0025423066831189453,0.08177514292416423,0.09813017150899708,0.10662174168740036,True,False,1.0,0.0,0.0,False,True
5.291502622129181,4.146040642366743,2.006946187619389,0.0,0.3236216680549771,0.7949064221868624,0.002602749362102875,0.06361831010951764,0.08191446614336868,0.10823972321839286,True,True,1.0,0.0,0.0,False,True
11.874342087037917,3.9495326050606088,2.285228182939565,0.0,0.3253528652790992,0.7302119616703548,0.002548791947481001,0.06415621811524075,0.0907305937691399,0.09789080556485352,True,True,1.0,0.0,0.0,False,True
8.48528137423857,4.1821426253403065,1.9964709546415327,0.0009086779362181122,0.23830573159203108,0.8428002167311829,0.0036006386658966457,0.05881570245019566,0.10381237424972815,0.13252370830298102,True,True,1.0,0.0,0.0,False,True
9.1104335791443,7.939438329350218,2.1520964197730548,0.0,0.3357498471482225,0.8164980991718414,0.00300587740686713,0.06012398324001713,0.08781669831365314,0.1151286627605603,True,False,1.0,0.0,0.0,False,True
14.071247279470288,6.661410301126867,0.8660254160531328,0.0,0.504535191378093,0.7759890619890355,0.0028545268153524627,0.0724333467174074,0.1053815997552773,0.10743601526818249,True,True,1.0,0.0,0.0,False,False
9.695359714832659,2.4824909934845496,1.6230022537844713,0.0016652793190612488,0.3732947522513543,0.8143169196566238,0.002889570693604958,0.05925888408549225,0.09150875352613583,0.10042230297055331,True,False,0.0,0.0,1.0,False,True
13.96424004376894,4.960068612474385,1.995414493282035,0.0007140307336569734,0.2832505551240104,0.7753786724957364,0.002495808634950458,0.05995086043341331,0.08548692798104723,0.12139124034911689,True,True,1.0,0.0,0.0,False,True
9.0,5.606932316210867,1.6501413239140728,0.0007140307336569734,0.3248709930138751,0.7711280886198215,0.0017844333701204477,0.0623964979076454,0.10762265458367917,0.08486841261392117,True,True,0.0,0.0,1.0,False,True
12.12435565298214,6.713176712220318,1.8915347274105225,0.0,0.33505363199669436,0.7639307610803272,0.0025789315936383056,0.053715994630488054,0.09303883187910231,0.10510466655469969,True,True,1.0,0.0,0.0,True,True
10.344080432788601,3.784842668344958,1.857878802250757,0.0,0.3296778770679869,0.8072226936332334,0.002879471193074734,0.06666296327157636,0.07378237983001588,0.10109938944394936,True,True,0.0,0.0,1.0,True,True
8.717797887081348,7.939438329350218,2.6006704520180945,0.0,0.3957930805458278,0.8377555061301826,0.00355134496510324,0.0718129554012435,0.09219363179462016,0.10925993220659312,True,True,1.0,0.0,0.0,True,False
9.16515138991168,2.216202690561696,2.7870279053957363,0.0005880623515542229,0.37573309290803736,0.8359834307523623,0.003187162572344851,0.06695661315233828,0.09939626803253823,0.11307249058835611,True,False,1.0,0.0,0.0,False,True
13.490737563232042,3.3073908421565816,1.8408552812936347,0.0,0.3417160760459554,0.8276904196707393,0.0025117908915461263,0.06420247349379773,0.09115559831354025,0.10484220018957761,False,True,0.0,0.0,1.0,True,True
9.746794344808963,5.347723723757955,2.342270751276864,0.0021189655272212484,0.4109138724523341,0.8643161597473076,0.003698512275495301,0.0902308968901052,0.08385341114063906,0.11023040973679071,True,False,0.0,0.0,1.0,False,True
9.746794344808963,2.957474105202709,1.8145833130501339,0.0,0.42297690712035435,0.8092571541694539,0.0023130771766921004,0.08197429454945654,0.09599846403686302,0.10954275883091318,True,True,0.0,0.0,1.0,True,True
9.643650760992955,6.470596977787571,2.539959950494604,0.0007140307336569734,0.49736370397208296,0.8100641723939617,0.0034770047121100915,0.08486121625899216,0.09015731942548706,0.11106356677384185,True,True,0.0,0.0,1.0,False,True
12.24744871391589,4.936134376373734,2.7013692412881616,0.002140564499111038,0.40342510773935736,0.8437666486079607,0.0028972557465501607,0.07523185837901564,0.08631446980968653,0.10167525435974704,True,True,0.0,0.0,1.0,False,True
9.591663046625438,4.327834576949465,2.4341036081495013,0.001998002662673058,0.36550418364163684,0.8408396372886567,0.0029775409078461462,0.05816227659900609,0.07812706829149231,0.11048835956627742,True,False,1.0,0.0,0.0,False,True
6.48074069840786,3.3853463932816,0.6686791158694879,0.0,0.29969630774148864,0.8014842270375548,0.0013205648236320811,0.06137007939502066,0.09356319608284971,0.09729651780947848,True,False,0.0,1.0,0.0,True,False
12.236371516049514,7.939438329350218,2.2446882401374184,0.00034611085883735844,0.3078459937565036,0.7894921430748034,0.002040352128558121,0.07820075375226138,0.09504762713819014,0.10869111994660235,True,True,1.0,0.0,0.0,False,True
9.16515138991168,4.236585152440862,1.8161330688700694,0.000832986303891771,0.4179165391286604,0.7692782386244148,0.0030126605452658454,0.06825978322392809,0.08634255503078564,0.1186228560499557,False,True,1.0,0.0,0.0,False,True
14.0,8.057651251989077,1.1649374327500264,0.0,0.40895824530026237,0.8278745579073427,0.0032032589637719967,0.0715137575905414,0.07833939640859165,0.09594577397933529,True,False,0.0,1.0,0.0,False,True
8.774964387392123,7.939438329350218,2.2936793213431503,0.0012492194004318981,0.38096655296353105,0.8307833369111105,0.0033631277767229278,0.0798768563450028,0.08866485255379773,0.11118387854314993,True,False,1.0,0.0,0.0,False,True
12.328828005937952,7.939438329350218,1.9096630251343343,0.0,0.491022430603655,0.7387564754005076,0.0025341468888599042,0.07167123834250184,0.0906577423548388,0.12178839434042558,True,False,1.0,0.0,0.0,True,False
10.44030650891055,5.932644858325075,1.8422784340135376,0.0,0.47859177640419237,0.7615702232659151,0.0018196294555394255,0.06251017501024242,0.0729285375119495,0.08463917707728742,True,True,0.0,1.0,0.0,True,True
9.539392014169456,4.485749155977905,2.3077417275161825,0.002140564499111038,0.4562485641286262,0.7899994846024231,0.0018138602137743093,0.07085951286858963,0.06828193514061473,0.13017723746266718,True,True,0.0,1.0,0.0,False,True
3.1622776601683795,7.939438329350218,1.1587709488487545,0.0,0.4792899408284023,0.893935231824417,0.0021639725651577506,0.043885372573625556,0.08520128672302585,0.09813067629253164,True,True,0.0,1.0,0.0,True,False
13.638181696985855,9.516797612949459,1.9085554906056734,0.0015777021416177343,0.6643638150377987,0.7074445601774173,0.0019164419572978602,0.08623519612137032,0.08375902683029297,0.09803742738624928,True,True,0.0,1.0,0.0,False,True
3.7416573867739413,6.095347164079424,2.299870527756822,0.0,0.39501065076497743,0.7639147954716498,0.0016903062775008605,0.07072997074184635,0.09047808257983805,0.09047808257983805,True,True,0.0,0.0,1.0,True,True
9.591663046625438,5.7761305982804485,1.7009822750399253,0.0,0.4037309107995928,0.821195196065517,0.0034574555916649097,0.06614534873617266,0.10521691847658808,0.12507869581123812,True,True,1.0,0.0,0.0,True,True
9.591663046625438,3.4385181557022007,1.9309086807338491,0.0,0.2854911572472126,0.7876240077515928,0.0029358084898353,0.0668083747527043,0.10636773904863084,0.10489374993378428,True,False,1.0,0.0,0.0,True,False
9.327379053088816,3.6069823335234297,1.4375905768565218,0.0,0.361596450370305,0.7618430641080423,0.001511770369201473,0.054124185260317856,0.07388766800593673,0.08557785096175892,False,True,1.0,0.0,0.0,False,False
10.535653752852738,6.1133096466696335,1.4276352241848522,0.0,0.36634349030470914,0.8483049508309002,0.0025261629432186735,0.08587567332159078,0.07224243781005547,0.09877856269186111,False,True,0.0,1.0,0.0,False,True
4.123105625617661,6.796105035869951,1.8162738160070038,0.0,0.3996853866858491,0.8290879711544945,0.003300239449842955,0.060616765931883074,0.09730686688290001,0.09473118076036659,True,True,0.0,0.0,1.0,True,True
13.96424004376894,4.804163054992231,2.422606329672947,0.0,0.46767950052029134,0.8326474793579673,0.0023766093572090466,0.06792356108113244,0.09238603128933134,0.10775397383556146,True,True,0.0,0.0,1.0,True,True
6.164414002968976,1.3526696144976202,1.6347054398270044,0.0007140307336569734,0.32754337135441575,0.784099187454472,0.001957430508750649,0.05849495621778297,0.09184111022918455,0.10629880069054677,True,False,1.0,0.0,0.0,False,True
3.1622776601683795,5.349564700950231,1.118033988749895,0.0005403945011269969,0.288232786000818,0.877652789466908,0.0029316424249143476,0.05445239951856939,0.08343532927020011,0.12228750911119395,True,True,0.0,1.0,0.0,False,True
11.74734012447073,4.122148626342502,1.8398071094546842,0.0013324452337786948,0.4857667584940313,0.7454117223521417,0.0032461360692138392,0.07341331584702514,0.09538962770502549,0.10908221255723284,True,True,0.0,0.0,1.0,False,True
11.74734012447073,0.7040580616713472,2.0557968649650187,0.0,0.34796742835500566,0.8470776053274007,0.0034276932951512917,0.08404827285279985,0.10030457737044804,0.12457784864281198,True,False,1.0,0.0,0.0,True,True
5.830951894845301,3.3771828585722776,2.096690010468882,0.0013324452337786948,0.6118502766381874,0.7365136054307497,0.002124627459733848,0.07200687393342226,0.08991701166481203,0.09256573611353701,True,False,0.0,0.0,1.0,False,True
12.236371516049514,7.939438329350218,1.9938889151317971,0.0,0.3144167254011703,0.7257041443810633,0.0021763266515293527,0.06190360232926315,0.09127188220461405,0.08706782642209106,True,True,1.0,0.0,0.0,True,True
11.874342087037917,4.841125230718557,1.6113994648423207,0.0,0.33271161520688924,0.7834802160665625,0.003568823116770807,0.05731554044534657,0.11085395611490088,0.09741768638764621,True,True,0.0,0.0,1.0,True,False
9.219544457292887,1.7979400302442696,1.847675738966022,0.0015372793188863979,0.430520160049246,0.8136971277475001,0.002945091390250451,0.08216140432116817,0.08135191261611778,0.11331010260088417,True,False,1.0,0.0,0.0,False,True
9.9498743710662,4.291057673769884,2.2522293140612666,0.0,0.31222773958191247,0.8397006599727134,0.002757956097392858,0.06268391408072227,0.07324594882444345,0.11132081029572359,True,True,0.0,0.0,1.0,False,True
6.082762530298219,1.966095144983117,1.361742830793504,0.0,0.6263591836734694,0.8228710830399246,0.002652676163587342,0.06218260993079395,0.08793949030788471,0.11533156031048113,True,False,1.0,0.0,0.0,True,False
9.273618495495704,5.384385620755932,2.037428737139915,0.0018732443816804189,0.3346242474292717,0.8409371798104079,0.002549833293577532,0.07484811885651198,0.0891578689526865,0.10477291595894614,True,True,1.0,0.0,0.0,False,True
11.313708498984761,6.910199855575328,1.9009996090131847,0.0012492194004318981,0.4384587289992696,0.7713310697896736,0.002191289654895829,0.08677390509305451,0.09666487833082142,0.11148344481875525,True,True,1.0,0.0,0.0,False,True
12.68857754044952,3.3034857565872775,1.9043153864076956,0.0,0.44093799309472115,0.8145202363942203,0.0027025935895173166,0.06110193156634534,0.11353834241632871,0.10415433852097385,True,True,1.0,0.0,0.0,True,False
12.288205727444508,6.592009000305837,1.9079057905565424,0.0009370608213402643,0.2337881898321459,0.7892729264028542,0.0028634092141885284,0.07042400577874211,0.09281130814368585,0.0995945840889383,True,True,0.0,1.0,0.0,False,False
13.416407864998739,4.417492349883467,1.7596154796897066,0.0,0.4811514235323759,0.8040834584870542,0.0026994356457706228,0.07389299358140917,0.08150014806449248,0.10924091384941201,True,True,0.0,0.0,1.0,True,True
12.236371516049514,7.939438329350218,1.9938889151317971,0.0,0.36329517733158184,0.7847006944444445,0.002527854938271605,0.037267799624996496,0.08498365855987974,0.10274023338281628,True,True,1.0,0.0,0.0,True,True
9.38083151964686,7.939438329350218,1.700305189031974,0.0005261773338973572,0.3005831284864379,0.7601702843200648,0.0018413204633455605,0.0646367488705317,0.10637279272991829,0.09514271820023708,False,True,0.0,1.0,0.0,False,True
16.0312195418814,3.6521973383262014,1.9594050436293156,0.0,0.42523550596709275,0.8494820078406569,0.003997707905598245,0.07892004626469847,0.07649115313770577,0.10341753799900383,True,True,0.0,0.0,1.0,False,True
10.04987562112089,4.331639706332969,1.2909944487358056,0.0,0.23382314750692518,0.8153273867467632,0.0017280735704627876,0.06481098286109097,0.0939971154114735,0.09777359331847,False,True,0.0,0.0,0.0,True,True
11.575836902790225,2.5414425434671997,2.573605117340265,0.0,0.3509385785151577,0.7708808441312454,0.0013984198091710083,0.04776037512361657,0.06702972499291622,0.09107546185740846,True,False,1.0,0.0,0.0,True,True
12.84523257866513,7.939438329350218,1.3416407864998738,0.0,0.23843133745707543,0.7943190604133366,0.0026538108356290173,0.06865715340592496,0.07892373679037397,0.10932914502941085,False,False,1.0,0.0,0.0,False,True
15.491933384829668,4.299927887739644,1.9277714869721738,0.00230503367521705,0.3929605702829138,0.8231230222213621,0.0028468130768568253,0.06479925172937484,0.07657702736907077,0.10210270315876104,True,False,1.0,0.0,0.0,False,True
7.874007874011811,4.837082571196135,2.2322821804900324,0.0018732443816804189,0.4386461445684055,0.7183724019103147,0.0018389006544133224,0.07283570407292297,0.09771935129766844,0.1112583757365243,False,True,1.0,0.0,0.0,False,True
9.433981132056603,2.795144646642432,1.632868161291658,0.0007140307336569734,0.280689443445463,0.7988633221985196,0.0026645511060902146,0.07035477906345022,0.10768780072034757,0.10899315505553797,True,False,1.0,0.0,0.0,False,True
13.228756555322953,2.7320818515678145,1.719231688865698,0.0,0.4547372749307479,0.7140704568296691,0.003043472661991486,0.040029747436965316,0.08147658709816118,0.08886758484671729,True,False,0.0,0.0,1.0,True,True
9.1104335791443,4.512721205741883,2.166166205398784,0.0,0.38603256873422076,0.7129424927336218,0.0025095969201607946,0.06507364856787609,0.09459675396808043,0.10033500931359766,True,False,1.0,0.0,0.0,True,True
10.908712114635714,3.8882398312093134,1.9908815811378908,0.001998002662673058,0.389376,0.8367620693263024,0.0020506863771353355,0.07223269697516196,0.09771961851786076,0.0936032437346335,True,True,1.0,0.0,0.0,False,True
10.583005244258363,6.202158457628098,1.9189644461152857,0.0006664445431604468,0.45290986276139344,0.7749731576244044,0.0026103002974647528,0.0944420106951127,0.09070023557268618,0.08925663834551825,True,True,1.0,0.0,0.0,False,True
9.797958971132712,7.697002262553609,2.623423896585619,0.0,0.39527016338063825,0.8549659820526853,0.0030171665980219028,0.0901964074893812,0.1158465690188716,0.10815885212113487,True,False,1.0,0.0,0.0,True,False
10.908712114635714,4.253123424835969,2.277701542823778,0.0,0.5106293402777778,0.8072651653426219,0.0021409886213067486,0.09513890907654535,0.0863618174004388,0.10246774098963629,True,True,0.0,0.0,1.0,True,False
8.717797887081348,6.1828785339011425,2.02366042957967,0.0006974311569458821,0.37774492573393653,0.7354546965615547,0.001321830924252998,0.04873479178753703,0.08221826366037943,0.09167403659221118,True,False,1.0,0.0,0.0,False,True
9.848857801796104,8.441536523112227,1.7091780756981987,0.0013324452337786948,0.5909559858589842,0.7400480791091277,0.0014991424533478636,0.07168706683121003,0.06712269232840401,0.09455429077284164,True,True,0.0,1.0,0.0,False,True
9.219544457292887,7.939438329350218,1.9180537484174371,0.0,0.43967831862386153,0.8442210333145751,0.003082233358514773,0.07367094686837572,0.08896612052651147,0.11203071879563671,True,False,1.0,0.0,0.0,False,True
12.24744871391589,7.939438329350218,1.5252320343543437,0.0,0.44066998641919414,0.7811678797731484,0.002268185602961782,0.06672510480651872,0.10192428117657791,0.09507573599369956,False,True,1.0,0.0,0.0,True,True
10.295630140987,4.004702802079633,1.2731528231563998,0.0,0.22006189486251695,0.8009228009761316,0.002066565126743055,0.0773402333273988,0.11752384553197812,0.09838279048613656,False,True,0.0,1.0,0.0,True,False
11.789826122551595,10.150982295510563,2.248305170313409,0.0013324452337786948,0.3297467630289277,0.8052595266067154,0.0031624911149083896,0.06482326993785374,0.09642700445517573,0.12071904969153155,True,True,0.0,0.0,1.0,False,True
10.488088481701515,4.316396743920288,2.374331868075178,0.0003845414390781728,0.30553509805571916,0.8442654768554438,0.0031727655506377417,0.059333436676946676,0.08886642067238242,0.11035795059601558,True,True,0.0,0.0,1.0,False,False
10.198039027185569,4.0668555258822625,1.5214149494059344,0.0,0.41987170155569137,0.7801360671530523,0.0021761655048159793,0.045803803328525704,0.08676448594457703,0.0974815538359426,False,False,0.0,0.0,1.0,False,True
12.0,7.908072717908224,1.5894623920243864,0.0,0.4939086926933068,0.7921343117872879,0.0022811927267709655,0.05944701264200125,0.10348396614288313,0.12288040145040441,True,False,0.0,0.0,1.0,True,False
11.180339887498949,3.6297938953120203,1.4183065354751168,0.000624804768842178,0.22541852551984878,0.7807092837581451,0.0022016075243179328,0.08903356523609515,0.0853604829098189,0.08489017363977364,True,False,0.0,0.0,1.0,False,True
11.135528725660043,2.5386009200385478,1.763830037163445,0.0,0.3936011797192384,0.814608038894228,0.0034394256317485444,0.0693687975619296,0.09962335082737976,0.1061988488107183,False,False,0.0,0.0,1.0,False,True
9.0,5.1134592585126954,1.6554729435018463,0.0013324452337786948,0.4078054786088027,0.7881831283534672,0.00254230151831249,0.04519269157693911,0.07662793677510173,0.1083682674440169,True,False,0.0,0.0,1.0,False,True
13.341664064126334,7.939438329350218,2.202334737925264,0.0,0.28186446280991734,0.8434100435714352,0.002977935950111786,0.07916562749053817,0.1012003772515423,0.13025854402319448,True,False,1.0,0.0,0.0,True,True
8.660254037844387,7.939438329350218,2.255699920992288,0.0011422045787769796,0.3441495392876227,0.7973284992755435,0.0037648259401147554,0.06878268367351911,0.10058421673809645,0.11253744797311914,False,True,1.0,0.0,0.0,False,False
15.297058540778355,8.145258009019193,1.6055690448514495,0.0,0.443118734684785,0.7559888279547502,0.0018033652936682496,0.06399773654113437,0.08041710621622916,0.07974414788970878,False,False,0.0,1.0,0.0,False,True
12.236371516049514,7.939438329350218,1.5483586240181662,0.0,0.5102040816326531,0.8437712949982729,0.002185664865383707,0.06482037235521644,0.09295200777072705,0.10603741883597351,True,True,1.0,0.0,0.0,True,True
9.899494936611665,2.9418813447838,2.163267436079044,0.0,0.41883861212278883,0.8212480488013336,0.003222884696153078,0.07119544038317406,0.09551870663088652,0.11192477043112854,True,False,1.0,0.0,0.0,True,True
10.583005244258363,3.8128603977139037,1.9166492428193531,0.0,0.419594564490978,0.791387532070269,0.002301713592775248,0.06473810615767782,0.0950988178420612,0.09962984320915207,False,True,1.0,0.0,0.0,False,False
8.831760866327848,4.9028859855747,2.0536999586112863,0.0018732443816804189,0.50543212890625,0.8270294558534518,0.0018643093918955897,0.08229802295948165,0.07322520259382125,0.11878696427357682,True,True,0.0,1.0,0.0,False,False
